{"RightElbow": {"Axes0": [[-0.9996207599122833, -0.009739503819793004, -0.025758074806445305], [-0.02520346731414834, -0.05332179448081792, 0.9982592706650366], [-0.011096016750836657, 0.9985298835281244, 0.053056103452623515]], "r0": [0.011385527550237577, 0.1730171560668498, 0.2919141614202307]}, "RightHand": {"Axes0": [[-0.9630387394155749, -0.2681285288199324, -0.025758074806167465], [-0.010543984059802105, -0.058028035736620395, 0.9982592706650396], [-0.26915648010963433, 0.9616339423613377, 0.05305610345270117]], "r0": [0.23875385102699395, 0.18992115728906456, 0.2776210016293893]}, "RightHandThumb2": {"Axes0": [[0.6175582291767359, -0.5082450376845938, -0.6002572908720734], [-0.7202403144855676, -0.058779762252763296, -0.6912299392671297], [0.31603120568359344, 0.8592042371977079, -0.40235849166592663]], "r0": [0.2740347670444928, 0.19313143216505793, 0.2343476135558773]}, "RightHandThumb3": {"Axes0": [[0.6171632458407869, -0.5085055758966521, -0.6004428426297375], [-0.7204490397800265, -0.05841128563081343, -0.6910436330587191], [0.31632690221241544, 0.8590752010115121, -0.40240165251117815]], "r0": [0.2929920482684786, 0.1954618868103821, 0.2020603319246401]}, "RightHandThumb4": {"Axes0": [[0.6171632458407869, -0.508505575896652, -0.6004428426297374], [-0.7204490397800265, -0.05841128563081341, -0.691043633058719], [0.31632690221241544, 0.859075201011512, -0.4024016525111781]], "r0": [0.30611947865536304, 0.19696981538043729, 0.17988269920450367]}, "RightHandThumb4_End": {"r": [0.31112825857794507, 0.19754516654390078, 0.17142080847454028]}, "RightHandIndex1": {"Axes0": [[-0.026128611859555798, -0.9714578267047089, -0.23576892623171983], [-0.9982227184722041, 0.012718573331864881, 0.058220633957089485], [-0.053560246155671204, 0.23687112282118183, -0.9700635913202686]], "r0": [0.2981125933550876, 0.19472234496324003, 0.2636828963657723]}, "RightHandIndex2": {"Axes0": [[-0.026128611859569186, -0.9714578267047086, -0.23576892623171983], [-0.9982227184722039, 0.012718573331878638, 0.058220633957089485], [-0.05356024615566794, 0.23687112282118258, -0.9700635913202686]], "r0": [0.34903440951527614, 0.19405566357448398, 0.25126660052833694]}, "RightHandIndex3": {"Axes0": [[-0.026128611859577718, -0.9714578267047084, -0.23576892623171983], [-0.9982227184722038, 0.012718573331887405, 0.058220633957089485], [-0.05356024615566586, 0.23687112282118306, -0.9700635913202686]], "r0": [0.3783633366222683, 0.19367168178968425, 0.24411531129683273]}, "RightHandIndex4": {"Axes0": [[-0.026128611859580604, -0.9714578267047083, -0.23576892623171983], [-0.9982227184722038, 0.01271857333189037, 0.058220633957089485], [-0.05356024615566516, 0.23687112282118322, -0.9700635913202686]], "r0": [0.3939932099104682, 0.19346705150711352, 0.24030427026802426]}, "RightHandIndex4_End": {"r": [0.4009788748279539, 0.19337559340251784, 0.2386009515575556]}, "RightHandMiddle1": {"Axes0": [[-0.015533599340914996, -0.9943455141706558, -0.10505096734543365], [-0.9984486849404008, 0.009807202883029342, 0.05480914442313534], [-0.05346897074286095, 0.10573938348745246, -0.9929553121603172]], "r0": [0.30144533619196207, 0.19300897546188384, 0.2848854988037329]}, "RightHandMiddle2": {"Axes0": [[-0.015533599340927073, -0.9943455141706555, -0.10505096734543365], [-0.9984486849404007, 0.009807202883041467, 0.05480914442313534], [-0.05346897074285967, 0.10573938348745311, -0.9929553121603172]], "r0": [0.3550381355692863, 0.19248039113272172, 0.2791864037861911]}, "RightHandMiddle3": {"Axes0": [[-0.015533599340936515, -0.9943455141706554, -0.10505096734543365], [-0.9984486849404006, 0.009807202883050948, 0.05480914442313534], [-0.05346897074285866, 0.10573938348745363, -0.9929553121603172]], "r0": [0.38952777632224594, 0.19214022073982787, 0.2755187517498026]}, "RightHandMiddle4": {"Axes0": [[-0.015533599340939633, -0.9943455141706554, -0.10505096734543365], [-0.9984486849404006, 0.009807202883054077, 0.05480914442313534], [-0.05346897074285833, 0.10573938348745379, -0.9929553121603172]], "r0": [0.407692058331564, 0.1919610669181918, 0.2735871495513862]}, "RightHandMiddle4_End": {"r": [0.4155564273981865, 0.19188350085902578, 0.27275084715471276]}, "RightHandRing1": {"Axes0": [[0.025758074806167403, -0.9995865064736305, 0.01278036220629026], [-0.9982592706650396, -0.025041142751101614, 0.053398218144642275], [-0.05305610345270117, -0.01413355035237207, -0.9984915085471953]], "r0": [0.29666773326229, 0.19008389056002403, 0.30267561416301453]}, "RightHandRing2": {"Axes0": [[0.025758074806157064, -0.9995865064736307, 0.01278036220629026], [-0.9982592706650398, -0.02504114275109129, 0.053398218144642275], [-0.053056103452701314, -0.014133550352371523, -0.9984915085471953]], "r0": [0.34485108914857526, 0.19129095596673096, 0.3033568977559349]}, "RightHandRing3": {"Axes0": [[0.025758074806146104, -0.999586506473631, 0.01278036220629026], [-0.99825927066504, -0.025041142751080343, 0.053398218144642275], [-0.05305610345270147, -0.014133550352370941, -0.9984915085471953]], "r0": [0.37781844979998996, 0.1921168378477409, 0.30382303635297875]}, "RightHandRing4": {"Axes0": [[0.025758074806143016, -0.9995865064736311, 0.01278036220629026], [-0.9982592706650402, -0.02504114275107726, 0.053398218144642275], [-0.05305610345270151, -0.014133550352370778, -0.9984915085471953]], "r0": [0.395797376191427, 0.19256723694713188, 0.3040772475290893]}, "RightHandRing4_End": {"r": [0.4036577609923333, 0.19276415138785627, 0.3041883886295874]}, "RightHandPinky1": {"Axes0": [[0.09408154455854599, -0.9614422212411168, 0.2584134636361406], [-0.9941964940825303, -0.07712958217179561, 0.07499572459820907], [-0.05217273356346703, -0.263969473176261, -0.9631189558427159]], "r0": [0.2919954716680291, 0.18680616157453944, 0.315391065177889]}, "RightHandPinky2": {"Axes0": [[0.09408154455853762, -0.9614422212411176, 0.2584134636361406], [-0.994196494082531, -0.07712958217178695, 0.07499572459820907], [-0.052172733563469326, -0.26396947317626057, -0.9631189558427159]], "r0": [0.3322761967996693, 0.19003759392724973, 0.3264503691664646]}, "RightHandPinky3": {"Axes0": [[0.09408154455852402, -0.9614422212411189, 0.2584134636361406], [-0.9941964940825321, -0.07712958217177289, 0.07499572459820907], [-0.05217273356347306, -0.26396947317625985, -0.9631189558427159]], "r0": [0.3593454149252277, 0.19220916226241802, 0.33388237817338434]}, "RightHandPinky4": {"Axes0": [[0.09408154455852268, -0.961442221241119, 0.2584134636361406], [-0.9941964940825322, -0.07712958217177149, 0.07499572459820907], [-0.052172733563473433, -0.2639694731762598, -0.9631189558427159]], "r0": [0.3752080461911956, 0.19348170687784963, 0.33823755451779486]}, "RightHandPinky4_End": {"r": [0.3821828724871084, 0.19404124693760486, 0.34015253305956444]}}