{
  "RightElbow": {
    "Axes0": [
      [
        -0.9996207599122833,
        0.02650891124463714,
        -0.007457477925823545
      ],
      [
        -0.022893766925626533,
        -0.9504855805629395,
        -0.30992424328840124
      ],
      [
        -0.015303979493755202,
        -0.30963597782970387,
        0.9507320071634793
      ]
    ],
    "r0": [
      0.011385527550237577,
      0.16032521625243723,
      0.24219941915639734
    ]
  },
  "RightHand": {
    "Axes0": [
      [
        -0.9724205195890204,
        -0.2331152485471536,
        -0.007457477926166718
      ],
      [
        0.2238900896106193,
        -0.9240239126755925,
        -0.30992424328832224
      ],
      [
        0.06535717907291726,
        -0.30304634909282263,
        0.9507320071635024
      ]
    ],
    "r0": [
      0.23831132328761065,
      0.17888196213595906,
      0.2608199617352945
    ]
  },
  "RightHandThumb2": {
    "Axes0": [
      [
        0.6170289572423016,
        -0.47685298939162096,
        -0.6260083804812472
      ],
      [
        -0.09436521648399948,
        -0.8345915421610911,
        0.5427266012193441
      ],
      [
        -0.7812621018854086,
        -0.2758046124731191,
        -0.5599654845578843
      ]
    ],
    "r0": [
      0.27200729305311333,
      0.22123979906115637,
      0.27489228520210646
    ]
  },
  "RightHandThumb3": {
    "Axes0": [
      [
        0.6166418797067753,
        -0.47711208917705855,
        -0.6261923399026842
      ],
      [
        -0.09461261712492416,
        -0.8345725540713916,
        0.5427127275746607
      ],
      [
        -0.7815377437286494,
        -0.2754137003706563,
        -0.5597732119132482
      ]
    ],
    "r0": [
      0.2897870236059467,
      0.25256510585919884,
      0.2853748622169049
    ]
  },
  "RightHandThumb4": {
    "Axes0": [
      [
        0.6166418797067753,
        -0.4771120891770585,
        -0.6261923399026841
      ],
      [
        -0.09461261712492416,
        -0.8345725540713915,
        0.5427127275746606
      ],
      [
        -0.7815377437286494,
        -0.27541370037065627,
        -0.5597732119132481
      ]
    ],
    "r0": [
      0.3021040089730566,
      0.27411018545258997,
      0.29248486130164425
    ]
  },
  "RightHandThumb4_End": {
    "r": [
      0.3068035630514506,
      0.2823307251101932,
      0.29519768625029524
    ]
  },
  "RightHandIndex1": {
    "Axes0": [
      [
        -0.044404571709707304,
        -0.9616455864755167,
        -0.2706769292411872
      ],
      [
        0.30831947209889454,
        -0.2709095136259514,
        0.9118920651873286
      ],
      [
        -0.9502459350799333,
        -0.04296279133286876,
        0.30852368049300827
      ]
    ],
    "r0": [
      0.2971815354823856,
      0.19347858378341884,
      0.26869519029187217
    ]
  },
  "RightHandIndex2": {
    "Axes0": [
      [
        -0.04440457170969717,
        -0.9616455864755171,
        -0.2706769292411872
      ],
      [
        0.3083194720988974,
        -0.2709095136259481,
        0.9118920651873286
      ],
      [
        -0.9502459350799328,
        -0.04296279133287877,
        0.30852368049300827
      ]
    ],
    "r0": [
      0.3475890142422925,
      0.20767910188074226,
      0.2709472112256086
    ]
  },
  "RightHandIndex3": {
    "Axes0": [
      [
        -0.044404571709703806,
        -0.9616455864755168,
        -0.2706769292411872
      ],
      [
        0.3083194720988955,
        -0.2709095136259502,
        0.9118920651873286
      ],
      [
        -0.9502459350799332,
        -0.042962791332872216,
        0.30852368049300827
      ]
    ],
    "r0": [
      0.37662170360171876,
      0.2158580316904676,
      0.2722442851084647
    ]
  },
  "RightHandIndex4": {
    "Axes0": [
      [
        -0.04440457170971299,
        -0.9616455864755163,
        -0.2706769292411872
      ],
      [
        0.3083194720988929,
        -0.27090951362595317,
        0.9118920651873286
      ],
      [
        -0.9502459350799336,
        -0.04296279133286314,
        0.30852368049300827
      ]
    ],
    "r0": [
      0.39209370686484935,
      0.22021671948333316,
      0.2729355173639275
    ]
  },
  "RightHandIndex4_End": {
    "r": [
      0.3990088128548687,
      0.22216480516767978,
      0.2732444588906938
    ]
  },
  "RightHandMiddle1": {
    "Axes0": [
      [
        -0.03381859305249,
        -0.9894356177807827,
        -0.14097326353146664
      ],
      [
        0.3087148228988148,
        -0.14449785975294013,
        0.9401146348448015
      ],
      [
        -0.950553239375104,
        -0.01172718182607805,
        0.3103401558289138
      ]
    ],
    "r0": [
      0.30127155896106755,
      0.17358817970031087,
      0.2615372091965048
    ]
  },
  "RightHandMiddle2": {
    "Axes0": [
      [
        -0.0338185930524783,
        -0.9894356177807831,
        -0.14097326353146664
      ],
      [
        0.3087148228988165,
        -0.14449785975293647,
        0.9401146348448015
      ],
      [
        -0.9505532393751039,
        -0.01172718182608929,
        0.3103401558289138
      ]
    ],
    "r0": [
      0.35459972689143915,
      0.18137626211012692,
      0.2621692757105182
    ]
  },
  "RightHandMiddle3": {
    "Axes0": [
      [
        -0.03381859305248618,
        -0.9894356177807829,
        -0.14097326353146664
      ],
      [
        0.30871482289881536,
        -0.14449785975293894,
        0.9401146348448015
      ],
      [
        -0.950553239375104,
        -0.011727181826081715,
        0.3103401558289138
      ]
    ],
    "r0": [
      0.3889190641028153,
      0.18638828177675867,
      0.26257604205326546
    ]
  },
  "RightHandMiddle4": {
    "Axes0": [
      [
        -0.0338185930524966,
        -0.9894356177807826,
        -0.14097326353146664
      ],
      [
        0.30871482289881386,
        -0.1444978597529422,
        0.9401146348448015
      ],
      [
        -0.9505532393751042,
        -0.011727181826071707,
        0.3103401558289138
      ]
    ],
    "r0": [
      0.40699365420786954,
      0.18902790737660308,
      0.2627902692356962
    ]
  },
  "RightHandMiddle4_End": {
    "r": [
      0.41481919045759025,
      0.19017075408555817,
      0.26288302058286606
    ]
  },
  "RightHandRing1": {
    "Axes0": [
      [
        0.007457477926166656,
        -0.9996967762228159,
        -0.023467885134606493
      ],
      [
        0.30992424328832224,
        -0.020002229565261976,
        0.9505508267497224
      ],
      [
        -0.9507320071635024,
        -0.014361978350105666,
        0.309681100703174
      ]
    ],
    "r0": [
      0.29711129982809026,
      0.15697911755960386,
      0.2541411890041405
    ]
  },
  "RightHandRing2": {
    "Axes0": [
      [
        0.007457477926175153,
        -0.9996967762228158,
        -0.023467885134606493
      ],
      [
        0.3099242432883224,
        -0.020002229565259343,
        0.9505508267497224
      ],
      [
        -0.9507320071635023,
        -0.014361978350113746,
        0.309681100703174
      ]
    ],
    "r0": [
      0.3452999710788128,
      0.15794329078465286,
      0.25483348357753943
    ]
  },
  "RightHandRing3": {
    "Axes0": [
      [
        0.007457477926164564,
        -0.9996967762228159,
        -0.023467885134606493
      ],
      [
        0.3099242432883222,
        -0.020002229565262625,
        0.9505508267497224
      ],
      [
        -0.9507320071635024,
        -0.014361978350103676,
        0.309681100703174
      ]
    ],
    "r0": [
      0.3782709685366136,
      0.15860298427955274,
      0.2553071559579382
    ]
  },