{"RightElbow":[[0.018465944698878696,0.99711482865469792,0.053577261843851635],[-0.99729514122009277,0.014967279774802071,0.059523158839770725],[0.058179823947804313,-0.054536689338939529,0.99596534456525532]],"RightHand":[[0.0096869042276271754,0.9985547576631818,0.018092935522353009],[-0.99461879049028667,0.01138142722525767,-0.080760968050786433],[-0.080672991595097956,-0.016450915901389505,0.99434894323349]],"RightHandIndex1":[[0.0065115690231323242,0.98462000914982384,0.16737327511821473],[-0.966938989503043,0.047838168484824042,-0.24219611074243272],[-0.24648083107812063,-0.15966780377285822,0.95355230569839478]],"RightHandIndex2":[[0.012536942958831787,0.99510166474751061,-0.02430383169225284],[-0.97970525707517353,0.010853988783700126,-0.1757807545363903],[-0.17582591889160021,0.026481395853417262,0.976250410079956]],"RightHandIndex3":[[0.012879550457000732,0.98671743699482506,0.1168019026517868],[-0.97988885641098022,0.03905189037322998,-0.17764884659222194],[-0.18165228941610881,-0.11157680728605815,0.96874438013349262]],"RightHandIndex4":[[0.013842335769108363,0.93658902815410072,0.31548489151256426],[-0.98010121924536564,0.077394051211220879,-0.16866728876318252],[-0.18740335639033998,-0.30654957251889364,0.92093523059572491]],"RightHandMiddle1":[[-0.13888534477778844,0.97498157194682533,0.16629682374852045],[-0.98466330766677856,-0.12165204116276332,-0.10750547051429749],[-0.0845311965261187,-0.1780658790043422,0.97808774880000526]],"RightHandMiddle2":[[-0.13458803721836635,0.98682592596326557,-0.0010394174605607986],[-0.98774104458945133,-0.13081875869206019,-0.032824102656117508],[-0.033065904730132649,-0.0028374151193669866,0.99346395901271278]],"RightHandMiddle3":[[-0.13482226644243514,0.974274720464434,0.14552164822816849],[-0.98751085145132877,-0.12152460643223353,-0.059244759380817413],[-0.041318063757249286,-0.15147531990494048,0.97973484652382992]],"RightHandMiddle4":[[-0.13687271731240408,0.92449754476547241,0.33020325537238804],[-0.98682000807353432,-0.10461962223052979,-0.091803036630153656],[-0.052767317209924967,-0.338698468038014,0.92799471105848041]],"RightHandPinky1":[[-0.32295061860765728,0.93739117043358944,0.12055484418358121],[-0.92044199364525936,-0.340180584362575,0.18160999140569142],[0.21144825432981765,-0.051545071814741404,0.97372549772262573]],"RightHandPinky2":[[-0.32207030909402029,0.941318656717028,-0.071145506841795783],[-0.89195730856486732,-0.27488100528717041,0.3416480336870466],[0.30326529485838755,0.17421347009284155,0.9289005739348275]],"RightHandPinky3":[[-0.32207739353179932,0.938123379434858,0.094003262264387946],[-0.89618548325129921,-0.32827736650194439,0.27367502663816723],[0.28907039335795809,0.00409486996276038,0.947020411491394]],"RightHandPinky4":[[-0.32531583309173584,0.88715678453445435,0.30450105454240528],[-0.90168754543576923,-0.38061746529170443,0.16554529326302664],[0.26570685101406916,-0.22006284126213618,0.924245800290789]],"RightHandRing1":[[-0.18600007465907506,0.96737165961946758,0.16470838444573538],[-0.9777601872171674,-0.19505597863878524,0.043089215244565694],[0.073989333318812509,-0.15238017056669509,0.98326726470674786]],"RightHandRing2":[[-0.18542163712637766,0.97891532523291447,-0.014346344396471977],[-0.97557671580995831,-0.17850136756896973,0.096081537593688288],[0.091675248263137679,0.032176646803106577,0.98904338904789513]],"RightHandRing3":[[-0.18607773099626815,0.96530867474419735,0.15018111680235183],[-0.97730431386402672,-0.18890038558415004,0.049466498196125031],[0.076052632715020857,-0.13748492513384139,0.97945095811571392]],"RightHandRing4":[[-0.18876189844948904,0.91127146141869686,0.33678903696792467],[-0.97846720048359459,-0.1917668240410941,-0.006132020481995174],[0.058784032506602149,-0.33069321140646935,0.92871929066521786]],"RightHandThumb2":[[0.88187053373881752,0.45916218842778889,0.089456811547279358],[-0.24337503101144517,0.61097380944660729,-0.7510841148240226],[-0.39916887027876718,0.64124109915324623,0.650840835911887]],"RightHandThumb3":[[0.885397732257843,0.43495394076619831,0.14932103667940413],[-0.26464111890111652,0.74325467858995709,-0.60775652102061684],[-0.3763959450381143,0.49931425707680838,0.77364201205117367]],"RightHandThumb4":[[0.89111034359250751,0.39408413427216665,0.20568819663354329],[-0.28088786346571787,0.84725497450147358,-0.42932895038809094],[-0.35021938170705524,0.32564046340329306,0.86680231775556293]]}